scorer,apic-ai,apic-ai,apic-ai,apic-ai,apic-ai,apic-ai,apic-ai,apic-ai,apic-ai,apic-ai,apic-ai,apic-ai,apic-ai,apic-ai,apic-ai,apic-ai,apic-ai,apic-ai,apic-ai,apic-ai,apic-ai,apic-ai,apic-ai,apic-ai,apic-ai,apic-ai,apic-ai,apic-ai,apic-ai,apic-ai,apic-ai,apic-ai,apic-ai,apic-ai,apic-ai,apic-ai,apic-ai,apic-ai,apic-ai,apic-ai,apic-ai,apic-ai,apic-ai,apic-ai,apic-ai,apic-ai,apic-ai,apic-ai,apic-ai,apic-ai,apic-ai,apic-ai,apic-ai,apic-ai,apic-ai,apic-ai,apic-ai,apic-ai,apic-ai,apic-ai,apic-ai,apic-ai,apic-ai,apic-ai
bodyparts,0,0,1,1,2,2,3,3,4,4,5,5,6,6,7,7,20,20,21,21,22,22,23,23,24,24,25,25,26,26,27,27,28,28,29,29,30,30,31,31,8,8,9,9,10,10,11,11,12,12,13,13,14,14,15,15,16,16,17,17,18,18,19,19
coords,x,y,x,y,x,y,x,y,x,y,x,y,x,y,x,y,x,y,x,y,x,y,x,y,x,y,x,y,x,y,x,y,x,y,x,y,x,y,x,y,x,y,x,y,x,y,x,y,x,y,x,y,x,y,x,y,x,y,x,y,x,y,x,y
pose/video_103_2018-10-05T04-47-09_bee_id20834_f2353.png,201,189,205,170,183,188,189,172,166,150,105,94,137,64,92,110,176,176,169,183,171,191,176,200,156,160,148,166,146,176,149,200,149,156,140,158,122,147,83,144,196,161,211,158,215,169,231,174,185,149,183,138,184,127,194,125,175,140,174,126,163,104,160,89
pose/video_103_2018-10-05T04-47-09_bee_id20834_f2352.png,193,195,201,169,175,192,179,172,158,151,95,100,123,67,89,118,170,184,169,194,175,203,181,213,147,162,142,170,139,180,124,192,140,158,128,159,108,157,88,158,191,159,193,158,196,159,198,160,168,142,174,138,185,135,200,136,160,140,150,126,140,103,124,76
pose/video_1000_2018-10-06T17-08-41_bee_id1233_f0909.png,158,87,141,101,174,102,158,116,160,151,158,225,122,220,227,198,171,118,179,118,181,134,193,131,168,131,176,145,181,158,184,172,165,154,171,167,174,188,181,214,155,130,146,123,137,119,129,109,148,139,135,142,118,138,96,141,148,148,141,157,139,172,134,188
pose/video_1000_2018-10-06T17-08-41_bee_id1233_f0908.png,163,86,147,96,180,96,166,111,164,146,163,223,131,203,230,190,173,123,180,118,185,113,191,106,177,134,187,142,197,149,200,171,177,153,184,167,185,182,191,200,160,121,148,115,129,112,113,126,154,129,140,142,124,131,103,124,157,141,145,158,138,182,125,226
pose/video_1000_2018-10-06T17-08-41_bee_id1233_f0911.png,164,103,145,113,182,120,163,137,156,167,141,240,110,221,217,218,169,136,181,134,189,128,192,118,167,148,178,153,179,164,181,173,165,161,171,182,169,213,178,246,156,140,148,138,133,125,112,109,148,152,131,160,118,161,94,177,145,160,137,174,130,190,129,202
pose/video_1000_2018-10-06T17-08-41_bee_id1233_f0910.png,164,100,147,111,183,115,165,128,161,167,150,239,110,208,228,207,171,137,178,134,187,128,194,118,174,148,184,157,184,169,184,183,168,165,172,189,174,218,184,241,158,134,146,125,134,110,116,98,153,141,133,156,118,154,96,166,151,160,141,171,136,190,135,205
pose/video_1000_2018-10-06T17-08-41_bee_id1233_f0912.png,161,89,145,102,181,101,163,116,166,148,161,230,121,215,234,200,174,132,181,127,187,122,191,115,177,143,187,149,192,162,200,180,174,156,181,169,187,181,199,197,164,131,151,127,136,119,115,133,154,135,143,146,125,139,99,128,157,148,144,163,134,180,113,219
pose/video_1000_2018-10-06T17-08-41_bee_id1233_f0913.png,165,87,147,99,183,101,163,118,165,149,164,228,125,203,231,199,174,133,190,139,200,131,205,122,177,143,188,150,196,162,200,181,174,156,181,173,189,184,200,200,160,131,152,126,145,123,136,118,158,139,144,145,125,134,105,134,157,148,145,166,138,187,114,224
pose/video_1000_2018-10-06T17-08-41_bee_id1233_f0914.png,163,82,143,93,180,96,164,112,161,144,146,223,115,197,224,194,168,124,174,118,181,115,186,111,171,133,180,139,185,145,186,160,168,144,170,168,176,203,187,227,158,124,144,108,128,101,112,90,151,131,138,146,118,144,98,167,150,147,136,153,123,157,105,184
pose/video_1000_2018-10-06T17-08-41_bee_id1233_f0915.png,149,92,134,103,169,101,153,114,159,151,159,232,133,223,223,195,160,126,168,122,174,114,180,105,171,141,181,150,188,159,194,173,169,156,177,170,183,178,190,193,151,126,141,122,129,118,115,119,148,141,133,150,113,141,88,141,149,157,130,169,121,193,104,216
pose/27_05_2018_2_2Fvideo_32_bee_id26911_f0729.png,75,165,89,183,85,140,103,161,166,164,251,180,253,193,255,148,130,160,116,145,105,121,108,92,145,152,132,125,118,110,86,88,158,154,174,132,203,127,229,105,123,164,108,177,89,194,68,190,144,162,149,188,142,216,139,247,164,169,168,187,183,209,194,233
pose/27_05_2018_2_2Fvideo_32_bee_id26911_f0728.png,73,140,89,167,95,120,111,147,169,164,240,198,251,213,258,176,131,149,123,131,110,111,99,109,144,153,154,131,165,115,192,96,158,157,177,133,200,126,214,116,125,153,109,157,99,173,78,179,142,163,132,171,140,187,145,209,156,167,163,185,168,212,174,240
pose/27_05_2018_2_2Fvideo_32_bee_id26911_f0726.png,78,105,86,138,112,101,114,129,159,162,215,228,230,232,242,213,137,138,134,120,125,89,118,59,151,144,166,126,157,100,159,84,167,152,187,157,214,171,251,183,132,141,118,138,102,141,86,151,140,154,129,170,125,187,116,200,149,164,142,180,141,204,144,233
pose/27_05_2018_2_2Fvideo_32_bee_id26911_f0732.png,83,212,113,229,90,184,119,194,164,174,250,140,258,154,235,111,124,185,100,174,79,168,43,167,140,171,135,136,123,109,121,76,154,148,167,125,181,103,195,82,129,191,131,202,127,213,121,221,148,180,158,186,167,196,168,211,170,174,183,194,211,203,229,217
pose/27_05_2018_2_2Fvideo_32_bee_id26911_f0727.png,69,121,82,145,101,106,114,138,164,159,234,212,249,213,254,183,130,140,123,124,115,110,79,97,149,139,158,125,169,106,178,92,157,136,174,142,192,151,207,157,128,148,108,155,85,163,61,171,145,148,137,165,135,190,137,206,157,164,152,188,158,213,164,240
pose/27_05_2018_2_2Fvideo_32_bee_id26911_f0731.png,88,207,117,218,94,173,118,186,166,167,251,145,260,152,242,115,126,183,108,171,85,166,73,185,143,171,135,134,122,110,110,82,156,158,161,133,194,122,220,107,131,191,128,210,119,236,108,257,148,183,160,197,164,210,145,216,168,174,181,184,202,203,217,220
pose/27_05_2018_2_2Fvideo_32_bee_id26911_f0725.png,81,94,80,123,113,92,111,124,150,155,207,227,197,237,232,213,136,135,136,116,129,92,134,82,154,136,159,112,147,93,143,79,161,147,178,156,204,163,235,167,126,135,106,133,79,139,61,124,131,148,123,166,115,178,94,183,141,156,132,177,135,202,133,239
pose/27_05_2018_2_2Fvideo_32_bee_id26911_f0730.png,78,185,99,204,89,160,110,177,161,166,252,160,258,174,252,133,128,171,114,157,99,150,73,131,143,164,135,129,116,111,98,85,154,148,181,132,215,119,240,102,130,180,122,189,111,197,106,204,146,173,147,192,150,211,132,222,162,174,171,192,190,205,208,225
pose/hsk_28_6_18_redish_2Fvideo_1208_bee_id4663_f0667.png,133,221,161,205,115,192,140,184,157,141,186,54,233,73,121,45,125,183,109,185,103,202,84,215,144,135,128,139,109,138,87,120,137,125,134,110,139,80,145,41,155,183,167,183,173,197,172,219,167,142,178,140,193,153,204,158,173,137,191,121,198,96,212,53
pose/hsk_28_6_18_redish_2Fvideo_1208_bee_id4663_f0666.png,133,216,163,199,117,185,147,179,156,133,179,50,222,69,119,30,130,170,120,171,107,178,98,166,143,131,127,139,108,140,85,125,139,128,131,113,136,82,135,32,160,183,169,189,171,204,171,225,172,136,195,147,189,159,201,161,178,134,190,120,199,85,211,57
pose/hsk_28_6_18_redish_2Fvideo_1208_bee_id4663_f0672.png,115,225,137,181,150,207,110,192,150,142,178,60,243,79,106,36,125,175,117,173,104,177,93,191,142,137,125,135,106,129,92,97,131,128,125,115,127,88,137,52,145,187,155,194,157,209,151,236,161,147,169,149,187,151,207,136,166,142,179,133,193,103,209,67
pose/hsk_28_6_18_redish_2Fvideo_1208_bee_id4663_f0670.png,126,223,140,185,159,201,113,193,154,141,177,59,235,84,124,35,129,177,119,177,107,185,91,200,138,136,125,137,107,128,90,102,134,127,129,114,136,80,151,45,155,182,164,185,166,199,175,201,172,145,181,153,190,149,205,142,176,137,186,132,191,105,205,75
pose/hsk_28_6_18_redish_2Fvideo_1208_bee_id4663_f0671.png,118,223,152,207,111,193,139,181,153,141,182,60,238,77,130,27,129,179,116,171,105,179,92,199,137,137,125,136,110,125,91,99,132,120,129,105,137,75,147,43,147,187,161,192,161,207,168,230,165,145,178,149,189,149,207,137,173,141,186,128,195,99,205,72
pose/hsk_28_6_18_redish_2Fvideo_1208_bee_id4663_f0665.png,135,213,165,197,121,183,153,175,163,128,185,44,224,68,135,33,139,171,125,166,111,174,97,172,149,125,132,134,115,139,86,134,145,125,135,115,140,76,149,29,163,179,172,189,175,210,172,231,175,136,184,141,191,149,197,169,180,131,193,117,199,93,211,63
pose/hsk_28_6_18_redish_2Fvideo_1208_bee_id4663_f0675.png,117,232,155,212,112,197,141,190,149,145,179,63,243,78,108,35,130,186,118,187,98,202,87,223,142,144,121,145,105,142,91,115,133,135,127,130,131,96,140,63,149,192,157,195,159,206,152,229,161,151,173,158,187,157,205,127,164,155,181,136,189,111,207,59
pose/hsk_28_6_18_redish_2Fvideo_1208_bee_id4663_f0674.png,112,228,148,211,107,195,134,184,149,145,174,62,237,89,105,42,121,179,110,179,96,188,76,203,136,145,117,142,100,139,86,111,125,135,123,116,127,90,134,55,151,187,158,198,154,208,146,228,162,148,173,152,186,153,199,128,170,143,181,123,189,94,202,63
pose/hsk_28_6_18_redish_2Fvideo_1208_bee_id4663_f0676.png,120,237,151,215,108,203,137,195,151,149,173,69,241,99,106,47,121,191,109,193,101,207,89,222,133,150,119,152,101,143,89,113,136,143,123,132,129,94,140,57,151,197,160,202,158,212,151,226,159,155,173,157,187,157,208,129,163,149,177,148,188,124,209,91
pose/hsk_28_6_18_redish_2Fvideo_1208_bee_id4663_f0688.png,115,222,149,209,106,190,137,184,150,147,177,66,252,76,123,31,127,181,117,179,103,177,87,183,137,143,122,142,104,138,82,119,130,130,118,121,125,93,131,59,144,190,155,198,155,203,148,221,161,144,171,150,190,155,209,149,175,139,182,135,192,105,208,68
pose/hsk_28_6_18_redish_2Fvideo_1208_bee_id4663_f0677.png,116,228,155,210,111,195,138,190,158,147,187,69,263,97,121,28,131,184,117,180,106,189,96,205,142,141,127,144,103,145,79,129,133,135,132,113,139,83,149,43,158,191,161,201,161,211,155,215,166,149,171,161,187,163,208,150,171,143,179,146,190,121,211,87
pose/hsk_28_6_18_redish_2Fvideo_1208_bee_id4663_f0685.png,130,217,163,205,113,190,144,181,158,140,191,63,249,86,129,36,133,182,122,170,112,176,97,191,147,139,131,137,113,121,92,86,150,118,131,111,135,91,144,54,151,186,159,186,163,192,165,199,170,140,181,153,197,155,218,158,182,140,191,138,200,120,219,83
pose/hsk_28_6_18_redish_2Fvideo_1208_bee_id4663_f0684.png,124,220,153,204,113,192,138,178,156,139,192,63,247,93,130,37,129,180,118,175,107,178,94,199,142,140,124,136,113,126,82,94,137,130,131,113,137,85,155,50,151,180,159,190,159,199,158,206,170,143,185,150,197,159,213,161,169,130,187,129,199,109,220,85
pose/hsk_28_6_18_redish_2Fvideo_1208_bee_id4663_f0679.png,109,224,142,208,96,190,129,185,143,142,174,65,238,95,98,30,118,178,110,177,103,176,90,194,128,143,117,144,94,144,66,128,123,131,120,116,128,79,130,47,147,192,150,203,147,214,137,216,154,151,163,164,173,178,193,201,160,142,172,131,185,107,207,79
pose/hsk_28_6_18_redish_2Fvideo_1208_bee_id4663_f0686.png,127,219,159,212,116,191,144,185,161,141,199,60,270,87,122,16,138,185,129,179,119,177,96,191,149,138,133,139,115,119,99,90,146,130,135,122,143,98,145,58,155,185,165,190,168,210,163,236,172,144,187,151,197,158,218,157,183,140,198,133,204,107,222,81
pose/hsk_28_6_18_redish_2Fvideo_1208_bee_id4663_f0687.png,129,219,161,211,116,192,148,184,159,143,190,62,244,72,132,22,133,183,123,175,114,175,96,182,149,144,131,143,111,142,83,121,146,131,130,127,136,96,142,57,163,182,166,190,168,203,164,219,170,146,183,154,195,160,217,151,175,140,186,141,198,111,219,72
pose/hsk_28_6_18_redish_2Fvideo_1208_bee_id4663_f0678.png,111,226,149,209,105,193,133,183,147,143,176,65,231,81,125,28,123,181,111,179,100,189,91,203,136,141,122,145,99,147,65,134,129,139,125,117,132,85,143,41,155,188,155,199,155,208,143,215,158,153,168,164,174,182,193,203,162,143,175,141,185,113,211,79
pose/hsk_28_6_18_redish_2Fvideo_1208_bee_id4663_f0668.png,131,221,161,201,116,190,145,178,155,134,184,53,237,66,126,45,132,177,122,179,104,191,88,210,143,133,130,135,111,132,88,113,135,124,131,105,138,79,146,43,157,180,166,181,170,195,175,211,165,139,176,139,189,147,203,149,171,137,186,123,197,95,215,46
pose/hsk_28_6_18_redish_2Fvideo_1208_bee_id4663_f0683.png,112,226,144,214,100,200,129,190,146,148,175,66,241,93,119,37,117,189,101,186,88,195,75,214,128,146,119,141,97,135,72,106,135,133,119,121,129,92,145,60,146,194,152,202,152,208,150,216,152,150,165,158,180,171,202,179,158,146,176,146,189,120,217,84
pose/hsk_28_6_18_redish_2Fvideo_1208_bee_id4663_f0682.png,111,219,145,210,105,191,135,183,148,142,185,65,241,86,137,37,118,183,112,176,99,181,94,183,138,138,119,139,101,138,74,110,136,126,124,114,135,91,143,57,139,187,151,196,156,206,147,230,159,148,168,160,180,168,199,182,163,140,179,134,192,100,215,62
pose/hsk_28_6_18_redish_2Fvideo_1208_bee_id4663_f0669.png,130,222,159,205,115,193,139,184,156,135,181,58,231,74,130,36,131,180,121,177,109,186,91,204,143,137,125,140,108,131,93,107,135,127,129,113,139,77,148,41,157,185,168,186,167,199,177,205,166,142,176,143,191,152,205,143,171,139,186,129,198,102,216,67
pose/hsk_28_6_18_redish_2Fvideo_1208_bee_id4663_f0680.png,109,218,142,210,101,191,131,184,148,139,182,64,240,87,112,33,119,176,109,172,103,176,93,184,138,131,119,136,92,137,70,116,135,120,123,115,130,85,134,47,138,191,150,199,146,219,143,238,159,141,168,160,176,171,191,183,166,139,173,132,187,102,212,62
pose/hsk_28_6_18_redish_2Fvideo_1208_bee_id4663_f0681.png,108,218,143,208,101,186,131,181,146,140,179,62,260,87,85,27,118,175,108,175,108,182,102,191,131,135,122,135,97,132,68,111,131,126,123,116,129,85,136,53,140,184,153,192,148,210,143,233,158,146,168,157,178,168,197,183,166,144,177,127,188,98,211,65
pose/video_788_drohnen_pollen_bee_id970_f2715.png,225,213,223,184,200,227,202,197,155,157,66,81,135,58,68,126,166,174,173,192,179,217,181,235,154,167,143,184,129,203,89,206,143,159,129,175,103,173,59,173,171,168,182,177,195,178,208,172,162,157,179,147,200,144,214,138,148,141,158,125,135,92,128,59
pose/video_788_drohnen_pollen_bee_id970_f2714.png,220,209,223,184,195,220,197,190,155,154,72,70,135,54,68,111,161,169,165,194,178,222,187,246,152,162,136,175,125,197,97,213,144,153,130,169,104,168,62,177,169,166,181,169,196,171,210,173,164,151,171,142,180,133,189,119,153,138,154,112,141,88,141,47
pose/video_788_drohnen_pollen_bee_id970_f2716.png,236,205,239,180,213,218,215,187,166,148,73,79,136,39,71,121,179,168,180,184,189,201,182,219,160,163,157,190,155,215,151,243,151,153,135,174,103,158,62,159,185,161,197,171,207,170,223,167,181,154,190,141,201,134,214,123,171,141,170,112,148,82,135,46
pose/video_788_drohnen_pollen_bee_id970_f2717.png,240,210,243,185,213,220,220,192,172,152,79,77,154,45,72,114,186,170,194,186,197,213,181,214,174,164,161,182,161,210,160,229,161,156,136,171,103,152,62,151,194,164,204,172,217,167,230,167,185,149,200,138,207,124,217,118,174,135,187,126,177,97,179,61
pose/video_788_drohnen_pollen_bee_id970_f2713.png,210,220,217,199,182,228,190,200,157,159,79,64,146,52,69,103,165,177,161,194,164,220,134,227,151,174,131,182,122,204,107,221,141,163,112,165,84,144,39,124,172,174,184,178,198,181,208,177,166,155,177,147,187,139,200,129,149,145,162,122,149,91,157,58
pose/video_788_drohnen_pollen_bee_id970_f2712.png,217,226,226,203,191,235,200,205,167,161,93,66,171,56,77,115,177,184,176,208,166,226,145,229,162,171,147,187,138,207,125,236,158,164,121,164,93,140,49,133,184,180,209,180,223,190,250,203,173,163,188,156,203,146,218,139,170,152,184,135,170,106,174,70
pose/video_788_drohnen_pollen_bee_id970_f2719.png,236,200,233,174,209,214,210,184,158,145,64,75,129,49,68,119,174,164,184,180,191,204,192,222,164,160,149,167,141,197,119,216,142,153,123,166,88,150,30,141,187,158,201,157,223,160,253,155,172,145,175,137,167,125,158,113,152,127,148,102,144,84,144,59
pose/video_788_drohnen_pollen_bee_id970_f2718.png,237,200,235,174,214,212,215,184,166,149,65,75,143,49,72,116,183,167,190,190,199,214,210,239,171,157,157,174,145,200,138,216,158,152,131,164,97,150,43,141,187,159,200,160,212,160,224,160,175,149,185,134,192,117,196,106,171,132,176,111,161,93,158,58
pose/hsk_28_6_18_redish_2Fvideo_1208_bee_id3754_f0298.png,118,90,108,113,147,88,132,106,157,157,206,240,170,234,222,209,157,110,160,107,163,106,166,111,172,133,175,132,180,130,186,134,188,159,190,161,192,165,194,168,119,134,120,139,118,142,110,143,134,158,122,157,108,154,92,153,143,175,128,181,145,210,149,244
pose/hsk_28_6_18_redish_2Fvideo_1208_bee_id3754_f0299.png,109,91,101,123,136,92,119,109,154,158,211,234,165,232,229,195,146,107,155,105,161,112,162,121,163,141,170,132,180,124,187,116,170,151,185,150,188,163,202,178,124,144,119,144,115,142,111,140,143,161,125,165,113,165,90,168,142,179,126,183,150,208,153,240
pose/hsk_28_6_18_redish_2Fvideo_1208_bee_id3754_f0301.png,84,113,86,143,111,99,104,123,149,158,220,220,184,234,224,184,129,109,131,103,140,108,142,101,147,121,154,118,156,125,156,133,169,148,179,147,187,148,228,197,99,150,97,154,98,158,103,163,134,172,128,171,125,172,120,174,140,178,130,187,161,207,168,234
pose/hsk_28_6_18_redish_2Fvideo_1208_bee_id3754_f0300.png,91,107,91,134,118,100,110,118,156,161,222,223,196,224,238,196,147,116,146,111,143,108,140,102,170,140,170,121,163,105,158,92,176,144,189,145,195,156,208,169,116,149,113,149,110,150,105,150,145,165,139,165,131,166,126,170,148,178,136,184,156,206,161,235
pose/hsk_28_6_18_redish_2Fvideo_1208_bee_id3754_f0289.png,133,78,110,93,157,90,132,97,136,161,154,250,134,233,189,227,154,108,162,108,171,123,181,119,158,158,174,152,189,167,207,182,158,165,170,162,178,192,210,210,116,114,114,116,111,117,108,119,122,143,108,148,104,158,119,160,118,178,108,181,114,220,101,253
pose/hsk_28_6_18_redish_2Fvideo_1208_bee_id3754_f0288.png,153,82,130,95,178,91,154,104,158,164,168,256,148,241,210,229,174,120,181,108,189,104,201,102,179,158,198,154,216,169,228,169,185,170,194,167,203,198,220,210,140,115,135,116,130,116,125,120,145,155,133,152,117,146,98,133,140,172,128,174,133,208,122,238
pose/hsk_28_6_18_redish_2Fvideo_1208_bee_id3754_f0291.png,147,91,122,99,166,110,140,111,134,169,167,262,110,240,176,243,160,132,170,126,184,138,192,132,155,164,158,163,161,161,164,158,157,181,172,188,190,210,221,225,123,117,120,119,118,121,116,123,117,145,99,158,105,166,111,168,118,176,98,172,100,203,88,243
pose/hsk_28_6_18_redish_2Fvideo_1208_bee_id3754_f0290.png,142,80,118,91,163,96,140,99,138,163,163,252,128,238,184,227,165,113,173,118,178,127,189,124,152,148,168,146,178,144,198,156,164,171,174,169,181,194,217,216,122,113,120,115,118,116,116,118,126,136,114,146,106,157,114,159,119,180,107,184,120,226,111,256
pose/hsk_28_6_18_redish_2Fvideo_1208_bee_id3754_f0292.png,154,95,126,96,169,114,146,113,132,169,170,260,104,243,187,228,163,135,170,128,185,138,194,133,150,160,153,164,156,163,161,162,153,183,167,187,194,212,221,222,123,117,121,117,118,116,116,116,122,135,107,136,96,143,104,159,121,178,100,162,97,187,90,242
pose/hsk_28_6_18_redish_2Fvideo_1208_bee_id3754_f0293.png,144,94,117,99,163,114,136,114,129,175,174,258,108,251,186,231,158,137,169,128,180,136,188,134,150,159,154,158,157,160,160,163,156,182,170,189,189,201,223,214,120,114,117,114,114,114,110,115,112,128,99,135,96,143,102,158,122,176,100,170,100,201,102,210
pose/hsk_28_6_18_redish_2Fvideo_1208_bee_id3754_f0297.png,115,92,103,119,142,94,127,109,149,163,190,247,158,243,211,216,151,118,156,115,163,120,167,126,167,150,176,142,182,138,187,139,170,161,181,160,185,182,201,208,107,128,102,127,97,123,94,121,123,164,114,159,104,147,106,132,130,188,119,191,130,216,136,248
pose/hsk_28_6_18_redish_2Fvideo_1208_bee_id3754_f0294.png,145,91,120,100,165,112,141,115,140,176,176,257,120,251,181,250,164,137,173,124,179,134,190,132,164,158,168,158,170,159,170,162,166,180,179,186,200,202,224,213,120,119,115,114,113,109,110,105,124,165,120,162,117,162,114,160,125,179,106,183,115,212,139,265
pose/hsk_28_6_18_redish_2Fvideo_1208_bee_id3754_f0295.png,150,95,123,102,169,114,142,119,140,179,164,265,115,259,175,257,165,138,173,127,180,138,190,134,160,164,165,161,171,162,177,176,166,185,178,188,197,203,224,213,124,121,119,118,116,112,115,108,121,165,116,161,110,156,106,149,124,175,114,182,110,193,111,201
pose/video_1536_bee_id5353_f1408.png,68,177,79,152,93,191,100,164,148,151,272,115,249,87,268,161,135,161,120,174,101,198,70,226,145,161,153,180,151,211,147,238,164,157,183,175,217,180,252,199,130,155,115,150,90,134,79,113,141,144,131,115,121,92,114,77,154,138,161,106,169,83,169,59
pose/video_1536_bee_id5353_f1409.png,73,194,81,164,101,199,108,173,155,154,269,111,240,82,269,161,141,164,125,175,117,199,92,226,158,164,163,180,165,206,167,235,170,155,178,175,186,190,205,213,135,157,123,153,110,151,92,145,137,136,119,119,98,114,65,94,160,137,163,108,182,83,187,53
pose/video_1536_bee_id5353_f1414.png,135,236,115,215,168,230,148,202,173,155,233,50,185,59,266,89,169,176,174,187,181,196,179,212,181,152,189,158,197,170,204,179,191,140,210,151,229,138,250,125,160,177,136,180,114,192,69,194,152,171,133,151,112,147,89,149,162,151,147,127,139,100,113,85
pose/video_1536_bee_id5353_f1407.png,65,182,79,156,92,196,98,168,152,154,260,125,241,91,265,164,142,161,128,168,115,182,105,204,145,171,141,191,128,220,111,253,158,161,171,179,205,195,223,222,132,154,115,154,89,146,45,131,140,144,131,124,122,101,112,78,145,139,158,120,165,94,174,61
pose/video_1536_bee_id5353_f1413.png,122,231,112,205,150,230,139,198,164,155,230,42,195,41,263,92,156,181,163,197,167,211,164,220,166,166,176,173,187,178,196,172,180,153,195,153,217,148,243,150,149,175,124,178,96,199,55,217,147,152,125,137,102,128,68,104,158,141,150,113,154,84,168,54
pose/video_1536_bee_id5353_f1412.png,82,212,83,184,115,216,108,184,146,151,243,76,209,56,263,121,136,170,125,191,128,216,112,246,147,162,164,178,151,203,148,219,156,154,177,163,199,162,227,165,129,166,115,166,99,164,82,155,137,157,118,134,90,128,43,125,144,144,141,112,145,77,145,40
pose/video_1536_bee_id5353_f1410.png,66,208,78,173,104,210,107,177,153,151,254,86,231,57,268,148,135,170,129,178,124,190,115,209,146,165,149,193,142,217,119,243,160,158,177,172,206,177,228,197,130,157,111,157,86,158,30,157,140,147,125,127,113,110,89,79,148,136,151,108,150,82,154,62
pose/video_1536_bee_id5353_f1411.png,69,210,71,181,99,219,101,188,142,161,247,89,212,72,260,149,127,177,122,200,111,233,101,262,139,172,156,193,145,219,136,243,157,163,187,174,217,174,253,177,122,170,105,171,86,165,56,140,131,165,120,147,103,125,85,102,150,155,140,126,143,96,134,63
pose/Biene_stirbt_bee_id2003_f0133.png,77,177,90,200,90,157,99,180,164,161,245,110,251,248,222,62,135,167,122,164,112,153,105,139,145,160,128,144,115,132,93,133,155,157,153,132,151,111,131,93,131,173,123,177,118,186,110,197,146,171,147,180,141,186,135,194,158,167,168,172,167,184,155,190
pose/Biene_stirbt_bee_id2003_f0132.png,81,181,93,200,91,161,105,184,164,160,246,107,254,238,223,60,135,171,122,164,113,152,104,141,142,166,130,148,120,138,93,137,151,159,152,134,149,110,135,94,128,172,130,184,127,191,118,197,143,171,146,180,146,190,138,197,161,166,171,174,171,185,160,189
pose/Biene_stirbt_bee_id2003_f0130.png,82,178,92,201,95,159,105,183,168,161,252,111,261,234,223,59,128,170,118,161,113,150,104,140,132,157,122,138,112,131,93,134,147,152,154,132,151,106,135,92,126,179,126,186,122,191,115,194,137,164,139,177,142,185,141,196,156,161,163,169,165,180,168,187
pose/Biene_stirbt_bee_id2003_f0131.png,81,180,95,203,92,156,104,180,169,160,251,111,260,241,222,60,119,174,116,158,110,147,102,143,133,155,120,138,109,134,95,134,146,154,155,133,150,113,135,92,122,182,124,190,125,198,116,200,134,167,135,178,140,189,138,197,156,163,168,173,168,184,157,190
pose/Biene_stirbt_bee_id2003_f0135.png,75,176,85,197,87,155,99,175,156,156,237,105,249,248,217,56,128,165,118,157,108,150,99,138,136,161,121,138,104,128,84,134,142,150,145,124,142,105,124,92,118,167,115,177,105,193,79,213,132,173,148,186,137,207,122,231,151,164,168,165,169,178,158,187
pose/Biene_stirbt_bee_id2003_f0134.png,78,174,82,196,93,154,100,177,159,157,241,102,252,243,219,57,113,174,111,161,108,148,101,138,127,163,118,141,109,131,87,134,138,157,147,134,145,105,128,92,125,176,112,190,102,200,85,214,135,169,135,184,133,194,122,198,151,160,164,172,160,184,151,188
pose/Biene_stirbt_bee_id2003_f0136.png,77,173,83,198,87,157,101,177,164,157,237,105,248,246,213,59,117,174,111,164,105,150,99,139,130,162,118,144,102,133,85,135,139,159,145,136,147,115,126,90,115,179,107,193,105,207,82,214,142,170,151,189,138,208,121,230,151,157,168,170,168,181,159,188
pose/Biene_stirbt_bee_id2003_f0137.png,74,177,88,200,85,156,104,175,158,154,234,102,253,242,210,53,123,163,116,156,105,149,103,140,131,152,115,134,95,130,85,136,139,143,144,122,135,101,125,91,115,176,108,192,100,204,81,214,128,171,148,196,132,211,119,232,152,160,167,167,172,174,162,184
pose/video_1536_bee_id6003_f2732.png,145,201,180,177,135,168,163,156,168,103,139,47,288,65,106,5,131,167,121,172,108,194,94,220,140,120,127,109,111,116,97,117,145,103,131,87,109,87,81,94,179,167,183,168,187,169,190,172,189,135,201,134,200,152,209,163,185,108,196,107,203,101,208,99
pose/video_1536_bee_id6003_f2733.png,148,208,175,195,133,181,161,168,167,113,137,51,281,69,89,24,137,172,124,173,115,185,108,201,139,127,123,133,103,142,80,149,134,103,116,91,97,94,81,93,181,173,185,177,183,182,183,185,185,137,196,140,203,149,210,153,180,113,190,109,197,101,203,89
pose/video_1536_bee_id6003_f2731.png,132,213,161,199,121,185,152,172,160,118,145,42,273,68,87,33,127,160,119,165,112,175,102,188,128,128,114,122,101,121,83,121,131,112,118,102,96,97,76,93,167,187,174,191,174,207,179,228,177,142,187,138,195,152,204,164,181,107,183,95,182,81,180,69
pose/video_1536_bee_id6003_f2734.png,143,213,170,196,127,187,157,168,161,117,136,50,284,68,87,25,131,168,124,169,116,172,116,180,133,137,113,143,90,158,60,175,138,113,125,99,108,94,84,97,180,180,187,193,188,208,196,231,185,149,193,145,201,149,206,153,189,126,199,115,206,101,209,87
pose/video_1536_bee_id6003_f2735.png,140,218,169,202,124,196,152,180,158,127,145,44,291,60,75,43,130,169,123,172,117,176,114,180,130,149,119,143,97,157,65,175,135,121,122,109,106,97,87,93,173,193,180,199,183,215,191,235,177,153,189,143,196,141,208,147,174,129,190,125,208,113,233,105
pose/video_1536_bee_id6003_f2737.png,161,221,182,207,138,207,161,185,159,133,142,35,268,53,57,60,132,205,123,205,121,230,113,249,133,164,119,151,97,158,65,158,125,131,111,108,97,91,79,78,186,186,191,187,194,188,197,190,184,161,196,159,211,178,238,199,180,134,196,123,200,97,224,87
pose/video_1536_bee_id6003_f2736.png,153,220,174,201,125,205,156,187,155,134,147,39,273,68,65,67,129,190,118,209,115,223,112,228,127,158,116,148,96,159,71,169,131,127,111,110,95,96,84,91,178,191,184,196,184,203,185,217,181,156,191,147,202,151,213,147,170,136,187,129,200,108,230,100
pose/video_1536_bee_id6003_f2745.png,183,228,201,209,153,220,175,193,161,142,125,41,246,48,65,105,153,199,139,206,126,212,104,223,140,163,120,167,95,172,68,172,139,149,121,149,100,135,61,135,195,195,205,201,210,219,220,225,189,161,199,153,204,164,212,167,177,130,192,124,185,97,200,71
pose/video_1536_bee_id6003_f2751.png,183,220,200,201,149,218,177,194,154,140,102,46,242,48,57,113,151,193,139,201,123,196,113,201,138,159,126,157,107,166,73,166,132,149,111,145,85,137,45,151,193,195,205,203,206,211,215,217,185,151,190,150,195,149,199,149,167,133,187,121,177,99,193,72
pose/video_1536_bee_id6003_f2750.png,172,220,188,204,145,219,161,191,141,138,99,47,228,39,43,109,144,194,135,201,119,207,115,215,130,160,116,163,95,169,69,177,119,151,100,147,79,144,41,156,183,191,197,191,209,207,225,221,183,159,188,157,192,154,196,155,159,134,176,122,172,102,191,79
pose/video_1536_bee_id6003_f2744.png,182,223,197,206,153,221,172,190,160,141,131,39,249,51,57,112,147,204,137,215,123,225,112,236,142,164,128,157,105,159,64,157,141,151,116,143,95,133,77,132,194,190,204,196,219,209,235,217,191,156,203,158,218,176,228,182,179,133,193,125,191,100,209,81
pose/video_1536_bee_id6003_f2752.png,200,224,215,205,172,229,191,201,161,143,100,57,239,42,64,135,163,201,148,209,134,207,116,199,146,173,135,185,122,211,105,239,135,153,113,152,90,144,42,151,207,178,211,179,215,180,218,181,180,153,203,151,229,154,263,151,178,129,189,121,176,97,189,71
pose/video_1536_bee_id6003_f2746.png,188,225,206,207,161,221,177,194,165,145,130,44,257,47,76,102,158,196,143,201,132,201,107,196,148,175,131,179,116,200,95,233,145,150,123,137,97,119,60,111,207,196,213,199,217,201,220,203,197,163,201,160,207,153,212,147,188,117,187,96,185,69,199,47
pose/video_1536_bee_id6003_f2747.png,180,227,194,209,151,224,171,201,153,148,113,49,240,51,51,113,147,205,137,223,129,239,120,253,137,173,120,175,103,196,82,215,134,152,109,137,84,119,42,104,188,182,192,181,195,180,199,180,172,155,191,155,208,164,244,175,168,121,165,93,164,61,177,40
pose/video_1536_bee_id6003_f2753.png,207,220,223,201,183,224,193,194,165,149,97,64,237,39,60,150,176,215,168,228,165,242,162,257,162,184,137,179,124,213,102,236,140,161,128,159,83,146,36,147,213,182,217,182,223,181,225,183,194,161,212,156,239,164,265,153,178,135,191,123,171,98,180,68
pose/video_1536_bee_id6003_f2757.png,204,214,215,193,170,217,189,188,157,140,76,61,220,28,59,128,161,188,161,196,155,204,143,207,148,159,135,162,116,181,81,205,126,153,102,153,75,153,49,161,207,184,211,191,217,199,223,203,175,141,182,137,188,130,193,129,163,119,179,113,167,85,175,51
pose/video_1536_bee_id6003_f2743.png,172,221,193,206,146,216,165,185,156,137,136,33,255,55,55,95,145,193,137,208,127,227,119,241,137,149,113,155,88,160,69,162,130,137,112,118,89,90,66,66,186,177,193,180,197,183,203,185,186,159,203,155,223,175,245,188,175,130,195,121,193,99,215,89
pose/video_1536_bee_id6003_f2742.png,171,221,191,204,147,217,165,193,159,137,141,35,268,61,61,86,147,204,135,217,133,237,124,259,143,158,126,154,111,161,75,175,133,126,115,111,95,91,64,70,188,180,193,183,196,185,199,189,187,153,190,153,195,149,199,150,179,135,195,127,197,105,221,97
pose/video_1536_bee_id6003_f2756.png,210,215,220,196,181,219,191,191,155,142,85,64,220,35,69,140,178,196,168,204,159,220,156,229,157,167,132,173,107,185,75,192,143,158,121,162,100,159,63,171,218,179,228,184,240,191,259,201,175,143,183,138,190,136,200,135,169,120,157,93,145,74,153,31
pose/video_1536_bee_id6003_f2740.png,163,216,185,202,141,205,166,185,161,129,148,29,271,60,73,68,145,174,131,183,119,179,113,181,143,149,127,148,99,167,74,177,145,126,125,119,102,103,73,97,187,188,194,195,199,211,207,223,180,143,196,139,209,146,217,150,183,103,191,87,187,71,217,37
pose/video_1536_bee_id6003_f2754.png,215,214,229,195,190,217,200,188,171,145,101,59,238,35,67,145,180,199,177,215,181,233,186,259,156,168,143,177,124,193,97,212,145,153,123,148,87,134,43,122,217,169,222,169,225,168,229,168,186,150,204,145,217,147,237,151,184,127,189,111,170,87,176,49
pose/video_1536_bee_id6003_f2768.png,178,221,202,199,155,217,177,188,153,139,93,41,263,54,65,111,159,186,140,199,121,195,111,191,140,161,125,167,109,185,81,207,135,141,112,131,77,113,32,104,191,177,196,187,204,209,210,216,172,143,188,143,207,140,220,142,171,125,171,103,155,63,168,25
pose/video_1536_bee_id6003_f2769.png,177,228,201,213,155,221,175,193,165,141,111,43,277,66,79,101,153,199,143,213,131,229,108,252,147,161,135,163,119,175,99,187,144,135,121,130,101,113,46,94,195,179,199,187,204,194,214,198,185,151,200,147,210,147,221,129,181,129,199,131,201,95,212,54
pose/video_1536_bee_id6003_f2755.png,221,210,233,193,190,223,204,191,169,145,99,63,226,31,68,150,178,195,177,212,174,228,171,244,167,174,145,170,119,186,87,201,151,155,135,164,103,154,68,163,220,172,225,171,228,169,232,169,185,144,200,140,209,137,218,141,177,109,165,91,157,66,163,35
pose/video_1536_bee_id6003_f2741.png,169,223,186,209,142,215,164,191,164,135,149,36,273,65,76,70,138,195,126,209,115,223,110,233,135,161,121,159,103,174,76,191,137,133,119,113,94,96,67,86,183,187,193,191,199,201,201,208,193,154,202,151,207,139,217,139,182,135,195,130,205,113,212,96
pose/video_1536_bee_id6003_f2758.png,201,218,213,197,177,220,186,188,151,143,73,63,229,36,57,139,170,206,162,207,153,210,157,221,157,179,133,173,125,194,100,239,139,156,116,159,84,151,41,161,204,169,209,169,212,167,216,166,169,145,178,138,186,135,191,133,163,129,176,121,164,91,171,59
pose/video_1536_bee_id6003_f2764.png,206,220,230,205,180,216,201,193,177,139,109,54,220,41,81,112,177,191,173,201,168,219,143,257,172,159,148,162,128,160,104,161,164,152,140,145,109,137,65,139,220,167,223,171,229,171,233,172,197,143,221,145,245,145,273,137,196,119,208,119,201,90,206,55
pose/video_1536_bee_id6003_f2770.png,175,223,197,212,148,214,173,194,166,137,119,36,291,76,78,97,152,192,142,196,128,215,113,235,148,161,137,159,123,161,105,169,143,133,127,126,96,99,48,75,193,181,202,186,207,188,217,180,179,142,191,141,213,141,231,121,179,130,199,132,203,111,225,93
pose/video_1536_bee_id6003_f2771.png,169,226,195,212,140,214,169,193,164,138,117,31,278,71,74,88,146,195,134,199,125,205,114,220,143,153,130,155,121,156,101,163,141,143,120,132,93,113,57,103,188,188,195,188,199,189,204,187,187,159,204,165,231,182,256,198,178,135,203,129,200,102,222,89
pose/video_1536_bee_id6003_f2765.png,191,233,212,215,161,227,186,199,167,147,109,51,241,64,83,111,167,195,152,209,139,231,122,249,153,158,137,161,111,159,87,149,148,147,129,147,106,136,59,134,209,183,212,186,215,188,219,190,183,155,203,159,223,172,254,183,183,132,191,113,181,81,191,44
pose/video_1536_bee_id6003_f2759.png,204,217,220,202,177,221,189,191,157,147,79,61,224,37,57,140,164,195,159,214,161,233,159,269,152,175,135,173,118,197,99,220,135,160,113,156,77,146,36,151,199,168,205,171,210,171,214,173,173,146,181,141,191,135,185,123,164,120,174,113,159,88,167,50
pose/video_1536_bee_id6003_f2773.png,152,234,183,223,132,212,161,199,161,153,133,38,289,97,89,87,142,200,129,199,119,193,113,191,144,161,134,164,116,167,89,183,139,141,123,130,102,116,55,101,176,210,177,217,183,238,186,255,181,169,197,167,209,169,231,177,179,136,194,131,201,97,223,68
pose/video_1536_bee_id6003_f2767.png,176,230,196,213,151,217,172,199,156,143,98,44,253,57,73,104,151,190,144,199,125,201,115,199,149,163,135,164,108,199,81,227,137,145,108,131,80,119,36,111,195,179,197,195,205,213,225,233,174,146,188,146,205,150,226,159,176,118,168,92,161,68,173,32
pose/video_1536_bee_id6003_f2766.png,185,230,204,211,157,224,177,199,165,149,100,47,247,55,83,105,159,189,145,204,127,215,116,228,148,167,126,177,102,188,87,198,145,149,116,139,79,123,46,121,198,172,203,184,212,203,228,211,177,149,201,153,222,163,237,167,180,130,174,101,165,69,181,31
pose/video_1536_bee_id6003_f2772.png,155,228,183,219,132,213,164,199,161,143,127,32,284,84,79,83,141,192,132,198,121,199,115,208,143,166,129,155,115,149,105,153,143,145,118,130,90,118,56,115,185,196,195,213,199,233,208,249,178,156,195,164,213,181,234,191,180,137,196,132,201,101,225,81
pose/video_1536_bee_id6003_f2776.png,175,241,199,223,149,225,176,207,169,150,138,44,283,83,73,102,154,201,138,215,134,231,122,251,153,157,137,163,113,171,83,179,144,142,121,121,103,94,66,68,204,200,206,196,208,192,211,189,185,159,199,158,212,159,233,145,180,149,208,149,209,125,234,114
pose/video_1536_bee_id6003_f2762.png,211,223,229,199,181,219,200,192,171,141,93,65,207,41,84,124,183,196,169,209,164,217,155,231,159,164,148,169,132,177,104,187,146,148,107,137,78,131,37,124,220,183,233,191,244,206,262,212,197,150,211,144,227,143,243,139,189,137,207,129,193,91,208,73
pose/video_1536_bee_id6003_f2763.png,210,212,223,196,177,213,196,185,176,135,97,52,197,37,80,116,177,190,167,199,159,205,154,217,156,155,146,158,125,162,101,170,145,138,123,133,99,125,41,112,214,176,225,183,230,199,238,210,195,141,203,134,221,133,235,121,189,123,207,118,197,88,205,61
pose/video_1536_bee_id6003_f2761.png,215,223,230,199,187,224,201,194,166,150,85,64,225,42,70,149,181,200,173,213,167,228,156,244,156,177,145,181,127,191,99,205,141,157,121,153,81,137,33,138,211,171,215,172,219,172,223,172,185,152,201,145,223,145,244,147,181,130,183,111,163,83,161,38
pose/video_1536_bee_id6003_f2775.png,169,239,195,228,147,229,172,210,165,151,138,44,279,85,85,99,151,199,139,215,125,243,114,259,148,169,132,167,111,179,79,187,144,143,121,128,98,101,58,77,198,199,201,203,204,206,207,208,192,171,203,162,214,162,231,154,185,148,206,143,207,116,228,74
pose/video_1536_bee_id6003_f2749.png,176,229,191,209,143,229,166,201,147,148,97,54,235,51,50,111,143,206,133,215,122,231,115,240,135,161,111,173,97,178,73,191,124,153,85,135,57,124,34,119,182,188,186,188,190,189,193,189,176,164,185,153,195,164,205,175,159,144,175,135,177,110,194,89
pose/video_1536_bee_id6003_f2748.png,175,223,194,207,149,223,173,196,151,146,103,55,241,47,61,96,147,199,135,218,130,237,124,257,141,162,127,164,105,176,81,195,130,145,107,135,82,113,36,92,189,178,194,183,197,185,201,187,183,155,193,155,203,165,219,180,165,135,181,130,181,101,187,59
pose/video_1536_bee_id6003_f2774.png,157,242,187,228,135,230,159,209,159,152,134,47,284,95,84,108,136,203,129,207,121,205,117,199,139,171,123,172,99,192,70,205,135,147,119,134,95,110,55,90,193,197,195,201,199,204,201,207,177,161,189,164,204,167,228,167,185,131,193,113,193,92,220,59
pose/video_1536_bee_id6003_f2760.png,208,223,223,203,180,225,193,196,159,149,84,63,229,44,59,155,169,209,166,220,161,237,155,255,149,172,137,181,121,196,97,213,135,156,119,156,77,141,35,140,203,171,208,174,213,175,217,177,179,151,202,149,223,151,260,145,171,127,160,89,158,55,166,39
pose/video_1536_bee_id6003_f2738.png,162,225,181,209,140,215,160,188,158,135,142,33,255,47,67,74,135,193,127,201,116,213,108,225,135,153,117,149,93,149,59,138,133,132,116,115,105,98,91,77,185,186,190,187,193,190,196,192,180,157,196,161,208,176,229,192,175,128,190,117,193,90,219,67
pose/video_1536_bee_id6003_f2739.png,163,219,185,202,140,207,165,184,159,130,145,33,263,57,73,75,145,185,131,189,119,197,109,204,143,140,115,139,86,131,64,119,131,129,109,116,90,103,73,89,190,193,198,201,201,216,209,235,189,151,199,148,211,164,223,167,183,113,190,92,197,63,221,46
pose/video_1000_2018-10-06T17-08-41_bee_id1367_f1803.png,175,209,184,194,154,204,157,177,150,153,130,72,151,87,94,94,149,171,143,178,145,191,149,220,138,169,131,172,119,152,107,129,137,154,126,139,119,122,105,105,159,168,169,172,190,174,213,189,161,156,172,145,184,136,193,128,151,141,164,125,174,107,184,90
pose/video_1000_2018-10-06T17-08-41_bee_id1367_f1802.png,163,209,178,195,140,204,155,185,141,154,122,77,149,90,89,89,149,184,142,187,134,194,126,194,138,170,124,169,115,162,111,143,129,151,119,139,99,126,77,105,152,169,168,173,188,184,204,200,149,159,164,145,180,136,190,122,145,135,158,124,169,115,181,106
pose/video_1000_2018-10-06T17-08-41_bee_id1367_f1800.png,190,203,196,186,167,197,178,182,164,154,134,81,144,81,103,100,158,165,153,175,158,191,164,203,149,149,142,166,141,185,145,204,143,149,127,139,114,124,102,113,169,160,184,162,199,168,213,183,171,149,182,139,193,139,212,138,163,137,169,121,173,106,175,87
pose/video_1000_2018-10-06T17-08-41_bee_id1367_f1801.png,179,208,194,197,155,201,170,183,158,159,134,78,158,89,103,94,161,175,159,185,148,188,139,199,155,165,142,164,133,165,131,155,152,161,140,145,121,132,96,109,162,167,174,168,190,176,207,185,169,160,180,144,194,137,208,129,165,139,174,121,182,110,191,101
pose/video_1000_2018-10-06T17-08-41_bee_id1367_f1796.png,196,193,196,174,170,189,179,171,156,146,135,79,119,75,93,99,164,159,156,171,159,193,171,216,152,151,140,159,123,162,103,167,142,143,130,130,122,117,114,90,172,154,186,155,199,157,211,169,163,134,169,113,179,99,183,79,157,132,153,106,148,89,142,76
pose/video_1000_2018-10-06T17-08-41_bee_id1367_f1797.png,199,194,200,171,169,190,179,169,160,148,139,76,120,76,99,100,160,164,157,182,173,202,183,216,153,152,139,155,123,159,104,160,144,137,130,124,124,104,116,90,173,166,186,160,200,159,214,165,169,141,185,135,200,138,214,143,160,132,162,111,176,97,182,73
pose/video_1000_2018-10-06T17-08-41_bee_id1367_f1799.png,189,202,196,184,165,199,175,178,160,152,129,80,114,84,98,99,164,169,157,179,154,189,165,209,149,153,136,163,129,174,137,193,144,149,131,139,121,124,117,99,166,161,179,166,191,164,205,178,167,150,182,140,198,146,216,150,162,135,167,108,167,88,169,72
pose/video_1000_2018-10-06T17-08-41_bee_id1367_f1798.png,193,200,196,178,168,197,175,173,159,149,132,78,120,74,94,98,159,167,159,181,161,198,176,210,151,152,140,161,120,160,99,154,141,140,126,129,119,109,114,90,169,161,183,164,194,157,204,162,169,145,188,134,201,139,219,151,162,130,166,107,169,86,173,69
pose/hsk_28_6_18_redish_2Fvideo_282_bee_id27004_f0039.png,189,219,201,199,155,218,170,192,146,146,127,54,155,83,91,85,155,171,148,181,144,193,147,204,144,154,129,159,120,174,110,189,138,143,116,136,101,105,72,93,164,163,185,169,210,178,234,180,162,154,183,136,198,127,209,109,161,136,174,118,186,104,197,89
pose/hsk_28_6_18_redish_2Fvideo_282_bee_id27004_f0034.png,176,217,190,198,144,213,160,193,136,149,117,56,149,78,89,93,140,165,130,175,126,184,131,194,134,157,119,156,102,168,89,162,121,146,104,143,91,134,77,125,144,150,164,164,178,176,199,168,153,159,179,144,199,147,225,153,144,143,158,116,164,87,174,65
pose/hsk_28_6_18_redish_2Fvideo_282_bee_id27004_f0035.png,176,221,190,199,149,217,159,192,139,146,114,60,147,86,83,97,144,179,134,187,136,196,138,205,140,156,122,164,117,185,112,208,134,155,120,144,100,128,72,101,154,164,174,176,197,184,219,197,159,164,169,143,195,138,214,134,154,139,164,110,166,84,174,64
pose/hsk_28_6_18_redish_2Fvideo_282_bee_id27004_f0031.png,176,215,191,197,140,204,161,185,138,139,134,53,163,79,103,81,145,149,128,164,128,176,128,188,140,149,129,149,109,160,93,159,134,143,115,139,104,127,86,114,175,164,196,172,207,164,216,166,160,154,179,141,198,147,231,154,156,131,174,104,180,78,194,54
pose/hsk_28_6_18_redish_2Fvideo_282_bee_id27004_f0032.png,174,220,181,195,137,211,154,187,135,142,125,55,157,83,100,85,139,154,130,166,127,179,125,195,132,146,118,154,111,172,108,199,124,144,107,132,90,102,68,89,148,154,168,169,196,188,218,209,153,153,169,138,194,138,214,134,157,129,164,106,171,84,186,69
pose/hsk_28_6_18_redish_2Fvideo_282_bee_id27004_f0033.png,176,215,195,199,149,211,167,190,143,139,134,49,165,74,87,82,153,181,145,184,141,197,156,229,147,159,134,150,116,157,99,167,142,148,128,134,114,119,98,93,164,161,180,168,193,173,218,184,159,149,175,134,193,128,209,113,151,128,168,114,179,98,199,84
pose/hsk_28_6_18_redish_2Fvideo_282_bee_id27004_f0040.png,192,211,204,187,161,214,176,186,138,145,117,56,151,75,85,88,151,176,143,184,144,195,149,199,144,154,124,157,114,173,91,172,118,140,111,146,97,139,79,133,158,159,177,160,194,169,209,159,161,149,179,137,194,143,224,139,150,135,165,114,170,86,182,67
pose/hsk_28_6_18_redish_2Fvideo_282_bee_id27004_f0041.png,198,206,209,182,174,214,181,182,139,141,100,64,136,70,79,99,160,172,157,182,151,191,156,205,147,156,130,164,124,187,117,214,140,152,120,152,101,138,75,121,165,159,183,164,200,168,225,169,166,146,182,134,204,131,218,124,149,132,159,108,156,70,159,44
pose/video_788_drohnen_pollen_bee_id765_f1748.png,147,231,175,216,132,212,154,194,162,141,166,49,248,144,51,133,155,177,141,189,122,209,113,233,154,158,135,148,112,155,95,149,154,135,141,134,128,129,123,116,161,174,177,184,184,215,188,224,168,158,184,158,203,154,217,144,171,136,186,128,184,111,184,92
pose/video_788_drohnen_pollen_bee_id765_f1749.png,150,231,173,217,131,213,158,195,159,144,161,49,254,141,64,131,151,186,132,190,122,207,112,234,154,161,138,144,113,156,93,148,151,138,133,133,121,121,128,111,161,177,174,190,183,205,189,223,168,164,184,162,200,153,220,146,168,141,183,131,180,113,183,97
pose/video_788_drohnen_pollen_bee_id765_f1750.png,141,233,169,220,131,210,158,194,160,143,167,48,260,149,60,138,151,184,133,190,122,207,112,235,154,163,132,148,112,158,95,153,154,144,141,135,133,129,122,117,161,178,177,191,184,208,189,225,165,163,188,162,207,156,220,147,171,138,183,123,182,101,184,87
pose/video_788_drohnen_pollen_bee_id765_f1751.png,140,237,165,220,126,210,152,197,158,150,167,51,261,153,49,134,143,182,131,188,116,207,109,235,148,158,130,148,110,157,92,152,151,140,134,137,124,128,125,120,154,180,168,194,182,198,181,226,164,167,187,166,201,154,221,148,171,143,182,128,184,114,187,103
pose/video_788_drohnen_pollen_bee_id765_f1745.png,155,233,180,213,136,216,160,197,159,144,159,50,257,135,38,134,151,173,135,187,121,213,112,238,151,157,134,149,110,158,97,155,150,142,133,133,123,121,120,100,161,173,174,188,189,208,196,226,167,172,190,161,200,155,214,148,164,141,180,133,183,114,182,90
pose/video_788_drohnen_pollen_bee_id765_f1747.png,150,231,174,216,130,215,151,199,158,141,163,49,253,145,50,138,155,179,140,190,123,202,112,235,153,160,139,146,112,154,93,151,150,134,131,135,124,122,126,110,164,178,180,191,184,220,193,226,169,164,193,160,207,154,216,145,168,138,184,130,184,108,182,88
pose/video_788_drohnen_pollen_bee_id765_f1746.png,152,232,172,220,132,217,154,202,158,148,168,53,247,148,61,134,154,180,136,192,122,212,112,238,154,160,134,150,112,157,95,151,151,138,136,136,125,129,126,111,161,181,174,190,186,218,194,226,173,167,190,164,203,155,218,147,168,142,184,127,186,105,184,88
pose/video_788_drohnen_pollen_bee_id765_f1752.png,136,238,164,226,128,210,152,203,162,160,174,50,263,148,56,135,147,192,132,193,118,210,111,240,148,172,134,153,110,157,92,149,149,150,129,132,117,111,107,93,157,191,173,199,180,211,177,225,168,175,184,174,198,164,216,151,170,154,181,143,191,130,191,105
pose/Abtransport_Tote_Biene_bee_id148_f0260.png,135,79,118,95,163,92,139,103,150,167,174,258,142,246,190,235,150,125,161,120,171,107,179,118,158,155,174,161,192,153,215,177,164,174,190,178,195,208,210,239,141,128,128,121,107,115,94,118,140,161,125,167,109,175,102,209,147,175,118,177,124,199,129,229
pose/Abtransport_Tote_Biene_bee_id148_f0259.png,136,81,118,95,161,91,138,108,151,170,174,253,142,242,188,231,148,133,159,121,167,105,180,113,158,156,187,152,200,177,212,177,160,179,188,177,195,206,209,236,142,137,132,117,117,117,95,115,142,155,126,166,110,171,100,207,148,179,119,174,128,203,130,226
pose/Abtransport_Tote_Biene_bee_id148_f0258.png,134,79,115,97,161,90,138,108,148,164,170,253,142,239,187,231,153,128,161,118,174,101,181,101,155,148,171,160,187,148,210,174,160,177,184,174,190,202,206,233,142,126,131,118,118,112,108,118,138,159,110,168,110,191,98,205,149,177,123,176,125,200,130,220
pose/Abtransport_Tote_Biene_bee_id148_f0255.png,135,80,118,93,160,89,138,102,148,163,171,251,142,238,189,231,148,125,158,111,170,100,190,95,152,138,171,157,191,147,207,166,158,169,187,173,191,198,204,223,141,124,127,116,112,118,107,131,140,151,132,166,109,165,96,196,147,176,118,170,122,192,127,214
pose/Abtransport_Tote_Biene_bee_id148_f0254.png,138,79,121,88,160,88,138,98,146,157,171,247,140,233,187,223,151,132,159,119,168,103,184,94,154,143,171,156,190,144,209,164,164,169,187,169,194,196,207,223,141,124,130,116,119,113,107,125,141,148,133,161,112,164,99,194,148,169,126,170,116,171,130,203
pose/Abtransport_Tote_Biene_bee_id148_f0256.png,133,80,116,90,152,87,136,105,148,164,171,250,141,230,187,221,149,121,162,107,181,93,198,88,152,142,170,161,188,145,208,171,156,176,185,172,192,199,204,227,141,125,125,118,112,118,110,131,140,148,130,161,110,167,96,197,144,172,118,170,123,194,128,215
pose/Abtransport_Tote_Biene_bee_id148_f0257.png,131,77,114,95,156,88,134,102,147,164,169,248,138,231,183,223,151,139,161,114,179,92,197,90,158,148,173,156,190,146,208,171,158,167,185,172,191,201,203,229,141,129,131,120,116,114,111,125,139,151,126,166,108,167,95,201,147,173,116,171,121,195,129,216
pose/Abtransport_Tote_Biene_bee_id148_f0253.png,141,75,122,91,166,87,144,97,154,157,174,246,144,233,191,218,154,132,163,120,165,101,183,100,159,143,179,152,192,140,214,158,164,162,195,166,197,190,208,218,148,124,136,114,126,109,110,122,145,144,128,155,110,160,102,187,150,167,122,166,128,190,138,202
pose/hsk_28_6_18_redish_2Fvideo_518_bee_id25736_f0206.png,154,94,131,103,174,107,147,119,134,169,136,262,33,212,190,235,150,138,170,130,193,125,219,132,151,153,169,169,191,159,226,164,145,168,169,183,183,210,213,249,141,125,126,116,121,94,109,80,135,135,119,134,111,156,88,143,129,176,111,189,109,234,89,270
pose/hsk_28_6_18_redish_2Fvideo_518_bee_id25736_f0212.png,158,90,133,99,179,104,150,114,139,169,136,258,9,204,222,234,156,134,174,126,198,120,222,120,151,153,174,167,199,176,222,199,152,169,172,179,184,214,203,253,147,128,131,124,119,106,106,99,139,134,124,149,109,139,90,133,131,169,107,173,98,209,68,238
pose/hsk_28_6_18_redish_2Fvideo_518_bee_id25736_f0211.png,152,95,125,105,174,114,146,119,134,174,116,262,9,213,201,249,149,135,172,131,193,114,222,104,144,164,164,171,191,172,224,178,141,176,163,195,173,243,189,286,142,130,128,122,118,128,99,129,131,154,113,163,87,150,54,154,126,174,100,171,93,201,73,215
pose/hsk_28_6_18_redish_2Fvideo_518_bee_id25736_f0205.png,155,97,130,104,176,105,149,120,149,175,154,265,39,228,196,229,158,143,181,126,204,112,226,112,159,162,181,169,206,172,235,186,161,172,179,184,193,205,218,246,145,133,138,129,128,122,119,120,146,147,128,157,109,144,88,123,136,167,124,194,113,236,90,269
pose/hsk_28_6_18_redish_2Fvideo_518_bee_id25736_f0204.png,148,87,124,98,172,101,144,114,142,168,154,257,34,237,231,231,150,131,170,120,192,104,219,92,154,157,181,156,204,149,234,144,153,169,179,189,195,232,212,271,142,130,132,121,119,112,105,109,140,143,121,149,107,164,98,191,137,172,112,171,110,203,87,225
pose/hsk_28_6_18_redish_2Fvideo_518_bee_id25736_f0210.png,152,87,125,94,175,101,145,109,134,165,134,258,17,212,199,236,147,130,169,126,191,124,206,147,149,152,174,159,198,147,239,139,139,173,170,184,182,218,204,253,139,129,124,125,122,108,109,92,134,138,120,137,104,149,85,153,126,166,106,171,95,212,78,242
pose/hsk_28_6_18_redish_2Fvideo_518_bee_id25736_f0203.png,146,86,122,98,168,97,141,109,138,163,149,257,24,221,231,228,150,134,172,118,191,116,218,124,152,152,185,141,204,124,230,114,151,165,175,179,194,218,215,253,137,128,124,126,116,106,104,78,133,136,120,142,107,142,92,153,136,172,111,181,106,217,89,246
pose/hsk_28_6_18_redish_2Fvideo_518_bee_id25736_f0202.png,145,84,120,95,167,94,141,109,139,164,154,255,25,226,234,224,146,136,169,119,191,100,219,97,154,150,196,159,213,169,230,179,149,159,171,167,189,192,216,224,139,129,128,124,122,121,110,109,137,138,121,152,102,134,89,121,134,168,118,186,110,226,92,259
